ID	Type	SKU	Name	Published	Is featured?	Visibility in catalog	Short description	Description	Date sale price starts	Date sale price ends	Tax status	Tax class	In stock?	Stock	Low stock amount	Backorders allowed?	Sold individually?	Weight (g)	Length (cm)	Width (cm)	Height (cm)	Allow customer reviews?	Purchase note	Sale price	Regular price	Categories	Tags	Shipping class	Images	Download limit	Download expiry days	Parent	Grouped products	Upsells	Cross-sells	External URL	Button text	Position	Swatches Attributes	Attribute 1 name	Attribute 1 value(s)	Attribute 1 visible	Attribute 1 global	Attribute 2 name	Attribute 2 value(s)	Attribute 2 visible	Attribute 2 global
619	simple	Artist knife plate 5pcs	مجموعة سكاكين اللوحة الاقتصادية 5 قطع	1	0	visible	5 أحجام مختلفة من الشفرات الفولاذية بمقابض خشبية تم تصنيعها لنشر وخلط الطلاء ولكن يمكن استخدامها أيضًا في الملاط والجص والمادة اللاصقة	"مجموعة سكاكين لوحة الفن الفن سكين شفرات فولاذية مثبتة بمقابض خشبية ، 5 قطع ، كل منها بأسلوب مختلف من الشفرة ، أطول سكين ~ 8.5 بوصة ، أقصر سكين ~ 6.875 بوصة ، قابلة للصدأ بمدافع الهاون والجريش"			taxable		1	10		0	0					1				أدوات			https://our-arts.com/wp-content/uploads/2019/04/Artist-knife-plate-5pcs.jpg									0									
628	simple	Glass mosaic cutter (wheeled)	قصافة موزاييك	1	0	visible	أداة اليد الموصى بها لقطع بلاط الفسيفساء الزجاجي مع الحد الأدنى من التكسير والتشظي	"إن قطع الزجاج الفسيفساء هو أداة اليد الموصى بها لقطع بلاط الفسيفساء الزجاجي. تقطع هذه الأداة زجاجًا يصل سمكه إلى 3/8 بوصة مع الحد الأدنى من التكسير والتشظي ، كما تعمل على قطع البلاط المقولب بسهولة إلى أرباع ونصفين ومثلثات. كما أنه يعد ميزة رائعة لتقطيع قطع صغيرة من الزجاج الملون ، على الرغم من أنها ليست أداة تسجيل لصنع قطع مستقيمة طويلة من الزجاج الملون. هذه أداة ضغط تشبه أداة القراص العادية ، بمعنى أنك تضغط على البلاط بين الشفرات. لاحظ أن الشفرات الدائرية لا تدور فعليًا. تتوفر شفرات الاستبدال ، على الرغم من أن الشفرات يجب أن تستمر لسنوات إذا لم تقم بإساءة استخدامها بمحاولة قطع مواد أخرى غير الزجاج."			taxable		1	10		0	0					1			120	أدوات			https://our-arts.com/wp-content/uploads/2019/04/Glass-mosaic-cutter-wheeled.jpg									0									
647	simple	mosaic-tile-nipper	قصافة موزاييك خزفي	1	0	visible	أداة يدوية على غرار كماشة لقطع بلاط الفسيفساء حتى سمك 3/8 بوصة	"إن فسيفساء بلاط القراص هو أداة اليد الموصى بها لقطع البلاط الخزفي المزجج حتى سمك يصل إلى 3/8 بوصة ويمكن استخدامه أيضًا لقطع معظم أنواع الحجر والخزف وأدوات المائدة. ومع ذلك ، لا ينبغي أن تستخدم قراص البلاط للبلاط الزجاجي لأنه يسحق ويشقق الزجاج أكثر من القطع. لقطع بلاط الموزاييك الزجاجي ، يجب عليك استخدام ""فسيفساء بلاط القراص"" ، والذي يحتوي على شفرات وعجلات على شكل عجلة أكثر نظافة."			taxable		1	10	5	0	0					1			120	أدوات	#glass_cutter #cutter #tools		https://our-arts.com/wp-content/uploads/2019/04/mosaic-tile-nipper.jpg									0									
648	simple	Artist knife plate 1 pcs	سكين لوحة  1 قطعة	1	0	visible	شفرة فولاذية بمقبض خشبي مصنوع لنشر وخلط الطلاء ولكن يمكن استخدامها أيضًا في الملاط والجص	"سكين لوحة الفنان الفن عبارة عن شفرة فولاذية بمقبض خشبي وقد تم تصنيعها لنشر الطلاء وخلطه. نحن نستخدمها لنشر ومعالجة المواد اللاصقة ذات الثنايا البيضاء والفسيفساء. لاحظ أن المنتجات المصنوعة من الأسمنت والجص والمنتجات الخرسانية الأخرى عبارة عن مواد كاوية خفيفة ، ومن ثم تآكل الفولاذ والمعادن الأخرى. ما يعنيه هذا هو أنه يجب عليك توخي الحذر الشديد لتنظيف وتجفيف السكاكين بعد الاستخدام وعدم تركها تنقع بين عشية وضحاها حتى لو كنت تهالك من يوم كامل في الاستوديو. يجب أيضًا أن تكون مستعدًا لأدوات الصدأ والتآكل مع مرور الوقت ، في وقت أقرب بكثير من المسجات العادية والسكاكين المعجون ، المصنوعة من الفولاذ السميك. كل ما يقال ، فإن العديد من الأدوات في الاستوديو وورشة العمل لها حياة عمل محدودة ولكن لا غنى عنها. سكين لوح مفيد للغاية لأعمال الفسيفساء مفصلة ، لا سيما عند الضغط على الكائنات غير المسطحة مثل الصدف والتحف في هاون thinset."			taxable		1	10	5	0	0					1				أدوات	#glass_cutter #cutter #tools		https://our-arts.com/wp-content/uploads/2019/04/Artist-knife-plate-1-pcs.jpg									0									
649	simple	Pistol grip cutter	قاطعة الزجاج (الماظة)	1	0	visible	"أداة العلامة التجارية العامة لصنع قصات طويلة (مستقيمة أو منحنية) في صفائح من الزجاج الملون عن طريق التسجيل والتقطتعتبر أداة الاقتصاد مسدس قبضة القاطع أداة ذات علامة تجارية عامة لعمل قصات طويلة (مستقيمة أو منحنية) في صفائح من الزجاج الملون عن طريق وضع الورقة على سطح مستوٍ وتسجيل النقاط باليد والتقاطها. يمكن استخدام أداة القطع بشكل حر للمنحنيات أو باستخدام مسطرة لقطع الخط المستقيم. عجلة القطع من الصلب كربيد ، وقبضة اليد البلاستيكية بمثابة خزان لزيت القطع. يمكن استخدام الأداة بيد واحدة عندما توضع الورقة الزجاجية على سطح غير قابل للانزلاق."	"تعتبر أداة الاقتصاد مسدس قبضة القاطع أداة ذات علامة تجارية عامة لعمل قصات طويلة (مستقيمة أو منحنية) في صفائح من الزجاج الملون عن طريق وضع الورقة على سطح مستوٍ وتسجيل النقاط باليد والتقاطها. يمكن استخدام أداة القطع بشكل حر للمنحنيات أو باستخدام مسطرة لقطع الخط المستقيم. عجلة القطع من الصلب كربيد ، وقبضة اليد البلاستيكية بمثابة خزان لزيت القطع. يمكن استخدام الأداة بيد واحدة عندما توضع الورقة الزجاجية على سطح غير قابل للانزلاق."			taxable		1	10	5	0	0					1			95	أدوات	#glass_cutter #cutter #tools		https://our-arts.com/wp-content/uploads/2019/04/Pistol-grip-cutter.jpg									0									
650	simple	stained-grozing-pliers	كماشة زجاج	1	0	visible	كماشة أداة اليد لكسر فلاش حاد من الزجاج الملون قطع حديثا	"يتم استخدام كماشة Grozing لكسر مشاعل الزجاج (رقائق حادة أو شظايا) على حافة الزجاج المعشق حديثًا. تُعرف هذه الشظايا بالغروز ، وتُعرف هذه العملية باسم الشرايين."			taxable		1	10	5	0	0					1			70	أدوات	#glass_cutter #cutter #tools		https://our-arts.com/wp-content/uploads/2019/04/stained-grozing-pliers-600.jpg									0									
651	simple	Run pliers	كماشة موزاييك	1	0	visible	كماشة فولاذية ذات فكوك مبطنة تستخدم لفصل قطع الزجاج الملون بعد التسجيل.	"تستخدم كماشة الركض لالتقاط قطع من الزجاج الملون بعد أن تم تسجيله باستخدام قواطع قبضة مسدس. الفكين مبطنان بسائد مطاطية واضحة تمنع الصلب من سحق الزجاج. تشغيل كماشة: أداة كماشة الصلب ، السيطرة البلاستيك ،"			taxable		1	10	5	0	0					1			80	أدوات	#glass_cutter #cutter #tools		https://our-arts.com/wp-content/uploads/2019/04/Run-pliers.jpg									0									
652	simple	Replace cutting blade	شفرة  استبدال لقصافة الموزاييك	1	0	visible	لقواطع الفسيفساء الزجاجية التي نبيعها (قد لا تناسب جميع الأشرطة)	"شفرة عجلة استبدال قاطع الفسيفساء الزجاجية ، شفرة قطع واحدة ، القطر: 22 ملم ، قطر ثقب الفتحة: 6 مم ، السُمك: 2 مم"			taxable		1	10	5	0	0					1			60	أدوات	#glass_cutter #cutter #tools		https://our-arts.com/wp-content/uploads/2019/04/Replace-cutting-blade.jpg									0									
653	simple	Allen Wrench	مفتاح 4 ملليمتر	1	0	visible	لاستبدال عجلات القطع على قاطعات الفسيفساء الزجاجية التي نبيعها (قد لا تناسب جميع العلامات التجارية)	"مفتاح 4 مم ، مفتاح 4 ، الحجم: 4 مم ، طول المحور الرئيسي: 2.875 بوصة ، طول المحور الثانوي: 1 بوصة ، المواد: الصلب"			taxable		1	100	5	0	0					1			5	أدوات	#glass_cutter #cutter #tools		https://our-arts.com/wp-content/uploads/2019/04/Allen-Wrench.jpg									0									
654	simple	Spring-replacement	استبدال  لقصافة الموزاييك	1	0	visible	"يناسب معظم العلامات التجارية من قواطع الزجاج الفسيفساء ، كماشة البلاط ، كماشة"	"تناسب هذه الينابيع البديلة معظم ماركات قاطعات الفسيفساء الزجاجية ، كماشة البلاط ، وغيرها من الزردية التي تستخدم هذا الحجم وطراز الربيع ، على الرغم من أنك قد تحتاج إلى تكبير أو تجعيد الثقوب قليلاً في نهايات الربيع لتثبيتها على بعض العلامات التجارية. قد يكون زوج من كماشة الأنف بالإبرة مفيدًا لذلك ، لكننا لم نجد أنه من الضروري لأي من الأدوات اليدوية التي قمنا بتثبيت نوابض جديدة عليها. لقد وضعنا الزنبرك فقط على الأزرار المتصاعدة ونضغط على المقابض معًا ، وانطلق الزنبرك على الأزرار. بالطبع ، يجب عليك ارتداء ""نظارات السلامة مع الدروع الجانبية"" لهذا النوع من المهام ، لأن ينبوع فضفاض يمكن أن تطلق دائما خارج الغرفة ، أو مباشرة في عينيك."			taxable		0	10	5	0	0					1			10	أدوات	#glass_cutter #cutter #tools		https://our-arts.com/wp-content/uploads/2019/04/Spring-replacement.jpg									0									
697	simple	gold-mosaic-glass-wavy-10mm-3-8-inch	الفسيفساء الذهبية المتموجة 10 مم	'-1	0	visible	10 قطعة من البلاط والزجاج ورقة الذهب	"24 الفسيفساء الذهبية المتموجة 10 مم (3/8 بوصة) عبارة عن ورقة ذهبية حقيقية مدمجة في وجه الزجاج وتباع في 10 وحدات. هذه هي متفوقة على؟ الذهب؟ البلاط المباع من قبل المنافسين لسببين: أولاً ، الذهب حقيقي 24 كيلو طن بدلاً من سبائك النحاس التي يبيعها المنافسون كذهب حقيقي (بجدية). ثانياً ، يتم دمج الذهب في سطح البلاط بحيث يكون داخل الزجاج بدلاً من كونه على الجانب الخلفي من قطعة من الزجاج. نحن أيضا بيع المنتج المنافس وصفت بشكل صحيح باسم تقليد فسيفساء الذهب. إذا كنت تقوم باستنساخ أيقونة فسيفسائية أو قطعة من الفن الديني التقليدي ، فإن استخدام الذهب الحقيقي بدلاً من بلاط المرآة النحاسية هو طريقة سهلة لجعل عملك يبدو أكثر أصالة."			taxable		1	10	5	0	0					0				الفسيفساء	#mosaics		https://our-arts.com/wp-content/uploads/2019/04/24kt-Gold-Mosaic-Glass-WAVY-10mm-3.8-Inch10-Tiles-1.jpg									0									
698	simple	gold-mosaic-glass-wavy-20mm-3-4-inch	الفسيفساء الزجاجية الذهبية 20 مم	'-1	0	visible	10 قطعة من البلاط والزجاج ورقة الذهب	"24 الفسيفساء الزجاجية الذهبية 20 مم عبارة عن ورقة ذهبية حقيقية مدمجة في وجه الزجاج وتباع في 10 وحدات. هذه هي متفوقة على؟ الذهب؟ البلاط المباع من قبل المنافسين لسببين: أولاً ، الذهب حقيقي 24 كيلو طن بدلاً من سبائك النحاس التي يبيعها المنافسون كذهب حقيقي (بجدية). ثانياً ، يتم دمج الذهب في سطح البلاط بحيث يكون داخل الزجاج بدلاً من كونه على الجانب الخلفي من قطعة من الزجاج. نحن أيضا بيع المنتج المنافس وصفت بشكل صحيح باسم تقليد فسيفساء الذهب. إذا كنت تقوم باستنساخ أيقونة فسيفسائية أو قطعة من الفن الديني التقليدي ، فإن استخدام الذهب الحقيقي بدلاً من بلاط المرآة النحاسية هو طريقة سهلة لجعل عملك يبدو أكثر أصالة."			taxable		1	10	5	0	0					0				الفسيفساء	#mosaics		https://our-arts.com/wp-content/uploads/2019/04/24kt-Gold-Mosaic-Glass-WAVY-20mm-3.4-Inch-10-Tiles-1.jpg									0									
700	simple	gold-mosaic-glass-smooth-10mm-3-8-inch	الذهب فسيفساء الزجاج السلس 10 مم	'-1	0	visible	10 قطعة من الذهب ورقة البلاط والزجاج	"الذهب فسيفساء الزجاج السلس 10 مم عبارة عن ورقة ذهبية حقيقية مدمجة في وجه الزجاج وتباع في وحدات من 10 بلاطات. هذه هي متفوقة على؟ الذهب؟ البلاط المباع من قبل المنافسين لسببين: أولاً ، الذهب حقيقي 24 كيلو طن بدلاً من سبائك النحاس التي يبيعها المنافسون كذهب حقيقي (بجدية). ثانياً ، يتم دمج الذهب في سطح البلاط بحيث يكون داخل الزجاج بدلاً من كونه على الجانب الخلفي من قطعة من الزجاج. نحن أيضا بيع المنتج المنافس وصفت بشكل صحيح باسم تقليد فسيفساء الذهب. إذا كنت تقوم باستنساخ أيقونة فسيفسائية أو قطعة من الفن الديني التقليدي ، فإن استخدام الذهب الحقيقي بدلاً من بلاط المرآة النحاسية هو طريقة سهلة لجعل عملك يبدو أكثر أصالة."			taxable		1	10	5	0	0					0				الفسيفساء	#mosaics		https://our-arts.com/wp-content/uploads/2019/04/24kt-Gold-Mosaic-Glass-SMOOTH-10mm-3.8-Inch-10-Tiles-1.jpg									0									
701	simple	gold-mosaic-glass-smooth-20mm	الموزاييك الزجاجي الذهبي 20 مم	1	0	visible	12 قطعة من البلاط والزجاج ورقة الذهب	"الذهب فسيفساء الزجاج السلس 20 مم عبارة عن ورقة ذهبية حقيقية مدمجة في وجه الزجاج وتباع في 10 وحدات. هذه هي متفوقة على؟ الذهب؟ البلاط المباع من قبل المنافسين لسببين: أولاً ، الذهب حقيقي 24 كيلو طن بدلاً من سبائك النحاس التي يبيعها المنافسون كذهب حقيقي (بجدية). ثانياً ، يتم دمج الذهب في سطح البلاط بحيث يكون داخل الزجاج بدلاً من كونه على الجانب الخلفي من قطعة من الزجاج. نحن أيضا بيع المنتج المنافس وصفت بشكل صحيح باسم تقليد فسيفساء الذهب. إذا كنت تقوم باستنساخ أيقونة فسيفسائية أو قطعة من الفن الديني التقليدي ، فإن استخدام الذهب الحقيقي بدلاً من بلاط المرآة النحاسية هو طريقة سهلة لجعل عملك يبدو أكثر أصالة."			taxable		1	10	5	0	0					0				الفسيفساء	#mosaics		https://our-arts.com/wp-content/uploads/2019/04/24kt-Gold-Mosaic-Glass-SMOOTH-20mm-3.4-Inch-10-Tiles-1.jpg									0									
702	simple	Smalti-Mosaic-Glass	Smalti الموزاييك الزجاجي	1	0	visible	"Smalti هو زجاج موزاييك تقليدي مقطوع يدويًا وله شكل ومظهر مختلفان عن البلاط المصبوب. إنه الزجاج المستخدم في إعادة إنتاج الرموز الدينية أو فن الفسيفساء العتيق أو تقديم تفسيرات حديثة للتصميمات الكلاسيكية. يباع من 1/4 جنيه ، وهو 40+ قطعة في المتوسط."	"العلامة التجارية Smalti الفسيفساء الزجاجية هي smalti من الجيل التالي. يشبه smalti العادي (المستطيلات المقولبة غير المقولبة يدويًا) ، ولكن يمكن قصه بشكل أكثر تنبؤًا ونظيفة مع نفايات أقل وعدد أقل من القطع ، الأمر الذي غالباً ما يكون مشكلة مع smalti. تجنب الاضطرار إلى تجاهل نسبة كبيرة من المواد باهظة الثمن كقطعة خردة. تخفض هذه العلامة التجارية بشكل أكثر كفاءة بسبب كيفية سكبها وتبريدها. مع الطين السلاحف الفسيفساء؟ smalti ، يتم اتخاذ مزيد من الحذر لضمان أن الخليط أكثر تجانسًا وأن طبقات باردة قليلة أو معدومة تتشكل أثناء صب المواد المنصهرة على البلاطة. والنتيجة هي أن عددًا أقل من النقط والدوار وسهول الصدع داخل الزجاج. هذه الهياكل الداخلية الاصطناعية هي التي تجعل smalti العادي يكسر بمثل هذه الطرق الغريبة ويشكل مثل هذه القطع الشريرة المتلألئة. مع هذه العلامة التجارية ، هناك أيضًا عدد أقل من الحفر السطحية والشقوق الخاصة بالملوثات وقذائف الهاون التي يمكن تلويثها. يباع من 1/4 باوند ، وهو 40+ قطعة في المتوسط."			taxable		1	10	5	0	0					0		50	60	"الفسيفساء, المنتجات المميزة"	#mosaics		https://our-arts.com/wp-content/uploads/2019/04/Smalti-Mosaic-Glass-1.jpg									0									
705	simple	Millefiori-ROUGH-CUTS-THINS	Millefiori  قطع خشن & رقيق	1	0	visible	الأحجار الكريمة فن الزجاج الصغيرة 10 مم 2 أوقية (~ 65 قطعة)	"يحتوي Millefiori  قطع خشن & رقق تشكيلة على بعض القطع التي تكون أرق من بلاط الفسيفساء الزجاجي ، مما يعني أنها قد لا تكون مفيدة لبعض وظائف الفسيفساء. يتراوح قطرها من 9 إلى 10 مم ، أي حوالي 3/8 بوصة. يباع هذا التشكيلة في وحدات 2 أونصة (حوالي 65 قطعة). مركز التميز هو 90."			taxable		1	10	5	0	0					0			60	الفسيفساء	#mosaics		https://our-arts.com/wp-content/uploads/2019/04/Millefiori-ROUGH-CUTS-THINS-2oz-1.jpg									0									
706	simple	Glass-Gems-5/8-Inch	الجواهر الزجاجية 5/8 بوصة	'-1	0	visible	نصف رطل من الجواهر الزجاجية بحجم 5/8 بوصة (حوالي 50 إلى 60 قطعة)	"الجواهر الزجاجية 5/8 بوصة عبارة عن كتل زجاجية على شكل قبة ذات قيعان مسطحة يمكن استخدامها كحجر (tesserae) في المشروعات الحرفية والفسيفساء ذات الوسائط المتعددة. هذه هي مصنوعة الأمريكية وأكثر ثراء في اللون من الأحجار الكريمة الصينية ، لكنها تختلف اختلافا كبيرا في الحجم والشكل. قطرها 5/8 بوصة ، يمكن تشغيلها في أي مكان من أكبر من 1/2 بوصة إلى أصغر من 3/4 بوصة. أشكالها ليست دائما دائرية بشكل موحد ولكن في بعض الأحيان بيضاوي الشكل قليلا. يباع من 1/2 جنيه (حوالي 50 إلى 60+ قطعة)."			taxable		1	10	5	0	0		0.5	25	25	1			10	الزجاج	#glass		https://our-arts.com/wp-content/uploads/2019/04/Glass-Gems-58-Inch-1.jpg									0									
709	variable	Stained-Glass-6-Inch-Sheet	زجاج ملون  6 بوصة	1	0	visible	Sheet من الزجاج الملون الأمريكي الصنع لصنع بلاط الفسيفساء المقطوع يدوياً	"الزجاج الملون  6 بوصة لصنع البلاط اليدوي لفن الفسيفساء. صنع في أمريكا ، إنه أحد أجمل فن الزجاج في العالم. تشمل الشركات المصنعة لدينا Wissmach ، Spectrum ، Kokomo ، Armstrong ، و Youghiogheny. يتميز الزجاج الملون بجودة عالية وألوان أكثر ثراءً وأقل تباينًا بكثير عن تلك الموجودة في الزجاج الآسيوي. كثافة الصباغ عالية. نصف شفافة. غير شفاف عند استخدامه على الأسطح غير الشفافة. يمكن قطع الزجاج المعشق إلى بلاطات صغيرة غير منتظمة بسرعة وسهولة باستخدام قاطعة الفسيفساء الزجاجية ، ولكن بالنسبة للشرائط الطويلة المستقيمة والبلاط المربوط والأشكال المنحنية ، يمكنك استخدام ""مسدس قبضة المقبض"" و ""تشغيل الزردية"". يمكن أن يكون للزجاج الملون حواف أكثر وضوحًا من بلاط الفسيفساء الزجاجي المقولب ، لذا يجب توخي الحذر في عمليات القطع والتعامل والحشو. شرائط زجاجية ملون بالألوان والرقائق حسب الطلب."			taxable		1	10	5	0	0		0.5	25	25	1				الزجاج	#stained_glass #glass		https://our-arts.com/wp-content/uploads/2019/04/Stained-Glass-6-Inch-Sheet-1.jpg									0		الالوان	"image1, image2, image3, image4, image5"	1	1	الحجم	"1 meter, 25cm × 25cm, 50cm × 50cm"	1	1
710	simple	Stained-Glass-6-Inch-Sheet-Y	زجاج ملون 6 بوصة امريكي	'-1	0	visible	Sheet من الزجاج الملون الأمريكي الصنع لصنع بلاط الفسيفساء المقطوع يدوياً	"يعتبر  Youghiogheny زجاج ملون 6 بوصة  هو أعلى مستوى من فن الزجاج الملائم لأعمال الفسيفساء الفنية المتوفرة حاليًا في السوق. يسرنا للغاية أن نكون قادرين على جعل هذا المنتج المميز متاحًا لعملائنا. صنع في الولايات المتحدة الأمريكية. يباع الزجاج الملون Youghiogheny في صفائح بحجم 6 بوصات مثل بقية الزجاج الملون. سيكون لبعض الأوراق نهاية تموج على جانب واحد من الزجاج. يتميز الزجاج بخاصية متموجة ، بدلاً من كونه مسطح تمامًا. سمك موحد بشكل ملحوظ في 3 ملليمترات بالضبط ، وهو حوالي 1/8 من البوصة."			taxable		1	10	5	0	0		0.5	25	25	1			300	الزجاج	#stained_glass #glass		https://our-arts.com/wp-content/uploads/2019/04/Stained-Glass-6-Inch-Sheet-Y-1.jpg									0									
711	simple	marble-mosaic-tile-15mm	بلاط الرخام الموزاييك هبط 15مم	1	0	visible	1 رطل من بلاط الفسيفساء الرخامي (حوالي 80 قطعة)	"تباع بلاط الرخام الفسيفساء هبط 9/16 بوصة بشكل فضفاض من الجنيه لصنع فن الفسيفساء ، الجداريات ، والميداليات الأرضية. تبلغ أبعاد 15 مم (5/8 بوصة) × 3/8 بوصة ، لكن عملية الهبوط تزيل المواد ، لا سيما مع أصناف أكثر ليونة من الحجر ، وبالتالي فإن عرض معظم الأحجار يكون أقرب إلى 9/16 بوصة من 5 / 8 بوصات. تأكد من قراءة نصائح التثبيت الهامة أدناه لتجنب تلوث الجص وتحسين ألوان الحجر."			taxable		1	10	5	0	0		0.5	12	30	0			30	الاحجار	#stones		https://our-arts.com/wp-content/uploads/2019/04/marble-mosaic-tile-15mm-416x416-1.jpg									0									
712	variable	Marble-Mosaic-Tiles-Polished-15mm	بلاط الرخام الموزاييك المصقول 15مم	1	0	visible	ورقة محمولة على شبكة من 81 بلاطة حجر مصقول 5/8 بوصة (15 مم)	"بلاط الرخام الفسيفساء المصقول بوصة عبارة عن صفائح مثبتة على شبكة من 81 بلاطًا للاستخدام في الفن وكغطاء معماري. أبعاد البلاط 15 مم × 15 مم × 10 مم (5/8 بوصة × 5/8 بوصة × 3/8 بوصة) ، وكل ورقة تبلغ 1/4 قدم مربع (6 بوصة × 6 بوصة). يمكن سحب البلاط من ألواح الألياف الزجاجية لاستخدامه بشكل فردي ، ولكن ارتداء القفازات لتقليل خدش يديك وأطراف أصابعك."			taxable		1	10	5	0	0		0.5	12	30	0				الاحجار	#stones		https://our-arts.com/wp-content/uploads/2019/04/Marble-Mosaic-Tiles-Polished-15mm-1.jpg									0		الالوان	"image1, image2, image3, image4, image5"	1	1	الحجم	"large, medium, small"	1	1
713	variable	marble-bars	بار  الرخام	1	0	visible	1 شريط من بلاط الموزاييك الفردي 5.9 بوصة مع سطح علوي مصقول (الجوانب غير مصقولة). يتم تصوير أشرطة متعددة لإظهار التباين الطبيعي في النمط واللون.	"يبلغ سمك بار الرخام المصقول 5.9 بوصة 150 مم × 15 مم × 10 مم (حوالي 5.9 بوصة × 9/16 بوصة × 3/8 بوصة) ، ويتم تلميع السطح العلوي فقط. يمكن تقطيع القضيب باستخدام ""مجمع القراص"" لعمل تقطيع يدوي؟ بلاط الموزاييك أو يستخدم كبلاط مصقول لإنشاء حدود حول تصاميم الفسيفساء (الجوانب غير مصقولة). يبلغ الحد الأدنى لطول القطع حوالي 1/2 بوصة لمعظم أنواع الأحجار ، وهذا يعني أنه يمكنك الحصول على حوالي 10 قطع لكل قضيب. (إذا حاولت تقطيعه إلى أقصر من ذلك ، فإن بعض الأصناف تنقسم إلى شظايا.) بالنسبة لأسطح المشي ، نوصي باستخدام القطع الحجرية فقط 3/8؟ أو أكثر سمكا ، ولكن يمكن استخدام رقائق القطع الأرق في الجداريات الجدارية والأسطح الرأسية الأخرى. تتميز الفسيفساء المصنوعة من الرقائق الخام من الأحجار المكسورة بمظهر يدوي أكثر أصالة."			taxable		1	10	5	0	0		0.5	12	30	0				الاحجار	#stones		https://our-arts.com/wp-content/uploads/2019/04/marble-bars-1.jpg									0		الالوان	"color6, image1, image2, image3, image4, image5"	1	1	الحجم	"large, medium, small"	1	1
715	simple	12mm-Glass-Mosaic-Tile	الموزاييك الزجاجي 12مم	1	0	visible	نصف رطل من بلاط الفسيفساء الزجاجي المعاد تدويره 12 مم (حوالي 185 بلاطة )	"يباع بلاط الفسيفساء الزجاجي 12مم المعاد تدويره من إليمنتيلي بمقدار نصف جنيه (حوالي 185 قطعة) ، والتي تغطي ما يزيد قليلاً عن ثلث قدم مربع. يتميز الزجاج بنهاية لامعة وألوانه صلبة طوال الوقت ، وهو غير شفاف عند تركيبه على سطح معتم. البلاط قوي ، متين ، ويمكن استخدامه في المباني الخارجية. أنها مصنوعة من 97 ٪ من الزجاج المجفف المعاد تدويره في عملية الانصهار يشار إليها باسم ""الزجاج الدافئ؟ أو ""المينا الزجاج."			taxable		1	10	5	0	0					0			30	الفسيفساء	#mosaics		https://our-arts.com/wp-content/uploads/2019/04/Elementile-12mm-Glass-Mosaic-Tile-1.jpg									0									
717	variable	3/4 Inch Glass Mosaic Tile	الموزاييك الزجاجي 20 مم	1	0	visible	1 رطل من بلاط الفسيفساء الزجاجي 3/4 بوصة للاستخدام في فن الفسيفساء. حوالي 145 قطعة. Hakatai العلامة التجارية زجاجي.	"يباع بلاط الموزاييك الزجاج 3/4 بوصة من هاكاتاي في أكياس رطل من البلاطات الرخوة ، أي ما يقرب من 140 إلى 150 قطعة. يتم تثبيت ظهورهم من البلاط مع الأخاديد لمساعدة المواد اللاصقة وقذائف الهاون السندات أكثر أمانا. يتم استخدام البلاط الزجاجي في باكسبلاش ، والجداول ، والحانات ، والمشاريع الحرفية ، الجداريات ، وغيرها من مشاريع فن الفسيفساء. تتميز هذه المواد بأنها اقتصادية وسهلة الاستخدام ، حيث يمكن قطعها بسهولة ويمكن استخدامها في الداخل والخارج."			taxable		1	10	5	0	0					0				الفسيفساء	"#mosaics, #موزاييك, فسيفساء#"		https://our-arts.com/wp-content/uploads/2019/04/hakatai-5x5-600x2-1.jpg									0		الالوان	"image1, image2, image3, image4, image5"	1	1	الحجم	"large, medium, small"	1	1
718	variable	Metalic Glass Tiles 3/4 Inches	موزاييك معدني زجاجي 20 مم	1	0	visible	"1/2 رطل من البلاط الزجاجي المعدني 20 مم ، تقريبا. 75 قطعة"	"بلاط معدني زجاجي 3/4 إنش لديها مسحوق نحاس مخلوط داخل الزجاج المنصهر للحصول على بريق دائم. يباع من 1/2 باوند (حوالي 75 قطعة). هذه البلاط مقاومة للتجمد ويمكن استخدامها في الهواء الطلق ، ومع ذلك يمكن تقطيعها إلى نصفين وأربعة ومثلثات مع قوة قليلة باستخدام زوج من قطع الفسيفساء الزجاجية. تنقش على ظهور البلاط مع الأخاديد لتحسين قوة السندات."			taxable		1	10	5	0	0					0				الفسيفساء	#mosaics		https://our-arts.com/wp-content/uploads/2019/04/morjo-metallic-glass-mosaic-tiles.jpg									0		الالوان	"image1, image2, image3, image4, image5"	1	1	الحجم	"large, medium, small"	1	1
719	variable	Glass mosaic kaleidoscope tiles 3/4 inches	الموزاييك الزجاجي 20 مم	1	0	visible	25 بلاط موزاييك زجاجي زجاجي 3/4 بوصة مثبتة بشكل مؤقت على الورق القابل للإزالة.	"تأتي قرميد الفسيفساء الزجاجي بلاط  3/4 بوصة من المشكال، محمولة على وجه على أوراق ورقية مؤلفة من 25 بلاطًا للتثبيت السريع .؟ يمكن إزالة الورق بالنقع في الماء للحصول على بلاطات فضفاضة. مع التلال لمساعدة الأسمنت أو السندات لاصق أكثر أمانا. يشيع استخدام البلاط الزجاجي في حمامات السباحة ، والباكسبلاش ، والمشاريع الحرفية وكذلك الفنون الجميلة. تتوفر لوحة ألوان غنية ، مما يسمح للفنانين بإنشاء صور معقدة. السعر لكل ورقة من 25 البلاط. ""تركيب شبكات"" متوفرة."			taxable		1	10	5	0	0					0				الفسيفساء	#mosaics		https://our-arts.com/wp-content/uploads/2019/04/Glass-mosaic-kaleidoscope-tiles-3.4-inches.jpg									0		الالوان	"image1, image2, image3, image4, image5"	1	1	الحجم	"large, medium, small"	1	1
721	simple	banner-rounds 20mm	زجاج دائري 20 مم	1	0	visible	"تغطي كل كيس بحجم 1/2 رطل (حوالي 50 قطعة) 29 بوصة مربعة مع لمس جميع القطع. مع تباعد قياسي من الجص يبلغ 1/16 بوصة ، يمكنك الحصول على تغطية من 30 إلى 31 بوصة مربعة أو أكثر. لتغطية 1 قدم مربع ، ستحتاج 2.5 باوند."	"زجاجي دائري 3/4 بوصة (20 مم)  هي بلاطات زجاجية دائرية غير شفافة بلون كامل. إنها متفوقة على الأحجار الكريمة الزجاجية لأنها أكثر اتساقًا في الحجم وأسهل للجص وأكثر ثراءً في اللون. كل كيس 1/2 رطل يحتوي على حوالي 50 قطعة كاملة بالإضافة إلى 2 أو 3 قطع مكسورة. السماكة 6 مم ، مقارنة بـ 4 مم لمعظم الفسيفساء الزجاجية.<a href=""https://our-arts.com/product-category/%D8%A7%D9%84%D9%81%D8%B3%D9%8A%D9%81%D8%B3%D8%A7%D8%A1/?v=fbe46383db39"">تصفح المزيد عن الموزاييك</a>"			taxable		1	10	5	0	0					0			15	الزجاج	#glass		https://our-arts.com/wp-content/uploads/2019/04/banner-penny-rounds-20mm.jpg									0									
731	simple	glass-tiles-sarieldein	بلاط زجاجي	1	0	visible		بلاط زجاجي مربعات مقاسات			taxable		1	10	5	0	0					1			40	الزجاج	#glass											0									
732	simple	5azfy-october	بلاط الموزاييك الخزفي	1	0	visible		بلاط الفسيفساء الخزفي			taxable		1	10	5	0	0					1			35	الفسيفساء	#mosaics		"https://our-arts.com/wp-content/uploads/2019/05/WhatsApp-Image-2019-04-08-at-03.28.47.jpeg, https://our-arts.com/wp-content/uploads/2019/05/WhatsApp-Image-2019-04-08-at-03.28.471.jpeg, https://our-arts.com/wp-content/uploads/2019/05/WhatsApp-Image-2019-04-08-at-03.28.472.jpeg"									0									
733	simple	marble-mosaic-darb17-18	قطع بلاط رخامي	1	0	visible		قطع بلاط رخامي 			taxable		1	10	5	0	0					1			30	الاحجار	#stones		"https://our-arts.com/wp-content/uploads/2019/05/natural-stones-tile-cut-2.jpeg, https://our-arts.com/wp-content/uploads/2019/05/natural-stones-tile-cut-3.jpeg, https://our-arts.com/wp-content/uploads/2019/05/natural-stones-tile-cut.jpeg"									0									
736	variable	filato	فلتو	1	0	visible		فلتو			taxable		1	10	5	0	0					1				الزجاج	#glass		https://our-arts.com/wp-content/uploads/2019/05/filato-faqs_small.jpg									0		الالوان	"color6, image1, image2, image3, image4, image5"	1	1	الحجم	"large, medium, small"	1	1
737	simple	5azfy-qalyoub	بلاط الخزفي	1	0	visible					taxable		1	10	5	0	0					1			35	الفسيفساء	#mosaics											0									
738	variable	glazed-ceramic-elsalab	الموزاييك  السيراميك المزجج	1	0	visible					taxable		1			0	0					1				الفسيفساء	#mosaics											0		الالوان	"color6, image1, image2, image3, image4, image5"	1	1	الحجم	"large, medium, small"	1	1
739	variable	glazed-ceramic-mahgoub	الموزاييك السيراميك المزجج	1	0	visible					taxable		1	10	5	0	0					1				الفسيفساء	#mosaics											0		الالوان	"color6, image1, image2, image3, image4, image5"	1	1	الحجم	"large, medium, small"	1	1
795	simple	flower-shaped-millefiori-artists-stocking-stuffer-gift-pouch	Millefiori ميلفوري الفنانين على شكل زهرة الجورب	'-1	0	visible	2oz ميلفيوري الزجاج في أشكال الزهور في كيس الهدايا البلاستيكية واضحة	"ميلفوري الفنانين على شكل زهرة الجورب ,هي مواد فنان الفسيفساء المعتادة الخاصة بنا في كيس هدايا بلاستيكي شفاف. لا ينصح للأطفال الصغار الذين قد يضعون القطع في أفواههم. يبدو وكأنه حلوى ، وأنه خطر الاختناق."			taxable		1	10	5	0	0					0				الفسيفساء	#mosaics											0									
796	simple	millefiori-translucent-gems	Millefiori الأحجار الكريمة	'-1	0	visible	الأحجار الكريمة الصغيرة فن الزجاج 10 ملم -12 ملم (~ 50 قطعة)	"Millefiori  ميلفيوري  الأحجار الكريمة 10 ملم -12 ملم  (3/8 بوصة إلى 1/2 بوصة)هي الأحجار الكريمة المدورة المستخدمة في صنع حبات millefiori ، لكنها لا تحتوي على ثقوب في الديكور وتستخدم في فن الفسيفساء. يتم تقريب الجوانب بحيث تكون القطع ذات شكل بيضاوي بدلاً من كونها أسطوانات ذات حواف مستقيمة مثل الميلفيوري القياسي. يتم بيع الأحجار الكريمة في وحدات 2 أونصة (حوالي 50 قطعة) وأرخص بكثير من ميلفيوري الإيطالية التقليدية."			taxable		1	10	5	0	0					0				الفسيفساء	#mosaics											0									
797	simple	millefiori-glass-mud-turtle-mosaic-8mm-12mm	Millefiori زجاج الفسيفساء 8 مم -12 ملم	'-1	0	visible		"Millefiori ميلفيوري زجاج الفسيفساء 8 مم -12 ملم يباع في وحدات  (حوالي 55 قطعة). إنه منتج من الجيل التالي وبأسعار معقولة أكثر بكثير من الميلفيوري الإيطالي التقليدي وهو بالفعل متفوق بعدة طرق. بالنسبة للمبتدئين ، يكون الزجاج المستخدم شفافًا وشبه شفافًا بدلاً من كونه غير شفاف تمامًا ، مما يجعل الألوان أكثر حيوية. ثانياً ، تم قطع فسيفساء الطين السلاحف بشكل أكثر نعومة وصقلها ، وبالتالي فإن القطع ناعمة ذات مظهر مصبوب بدلاً من القطع الخشنة وغير المنتظمة وغير المستوية التي عادةً ما تظهر في الميلفيوري الإيطالي ، وهو أغلى بكثير."			taxable		1	10	5	0	0					0				الفسيفساء	#mosaics											0									
798	variable	Glass-Gems-JUMBO	الجواهر الزجاجية الكبيرة	1	0	visible	"الأحجار الكريمة 1/2 رطل من الزجاج ، اسميا 25-33mm."	"الجواهر الزجاجية الكبيرة عبارة عن كتل زجاجية على شكل قبة ذات قيعان مسطحة يمكن استخدامها كقطع من البلاط في المشروعات الحرفية والفسيفساء ذات الوسائط المتعددة. أنها تختلف في الحجم والشكل. يتراوح القطر الاسمي لهذه الأحجار الكريمة المتوسطة 25 إلى 33 ملم ، أي حوالي 1 إلى 1.3125 بوصة. ولكن ، هذه أبعاد رمزية ، ويجب ألا يتم شراؤها من قبل أشخاص يحتاجون إلى أحجار كريمة ذات أبعاد أو أشكال محددة. يباع من 1/2باوند ."			taxable		1	10	5	0	0		0.5	25	25	1				الزجاج	"#glass, زجاج#"		https://our-arts.com/wp-content/uploads/2019/04/Glass-Gems-JUMBO-1.jpg									0		الالوان	"color6, image1, image2, image3, image4, image5"	1	1	الحجم	"large, medium, small"	1	1
799	variable	glass-gems-medium	الجواهر الزجاجية متوسطة	1	0	visible	الأحجار الكريمة 1/2 رطل من الزجاج بلون واحد	الجواهر الزجاجية متوسطة عبارة عن كتل من الزجاج الملون على شكل قبة مع قيعان مسطحة يمكن استخدامها كقطع من البلاط في المشروعات الحرفية والفسيفساء ذات الوسائط المتعددة. أشكالها ليست دائما دائرية بشكل موحد ولكن في بعض الأحيان بيضاوي الشكل قليلا. تختلف الأقطار حسب اللون ويمكن تشغيلها في أي مكان من أكبر من 1/2 بوصة إلى أصغر من 3/4 بوصة وفقًا للدفعة. انظر الصور. يباع من 1/2 باوند.			taxable		1	10	5	0	0		0.5	25	25	1				الزجاج	"#glass, زجاج#"		https://our-arts.com/wp-content/uploads/2019/04/Glass-Gems-MEDIUM-1.jpg									0		الالوان	"image1, image2, image3, image4, image5"	1	1	الحجم	"large, medium, small"	1	1
800	simple	rough-minerals-1-2-pound	المعادن الخام 1/2 باوند	'-1	0	visible	نصف رطل قطعة معدنية غير مصقولة للاستخدام في فن الفسيفساء	"معادن غير مصبوغة طبيعية ، بلورات ، وأحجار لاستخدامها في فسيفساء الوسائط المختلطة مع كائنات أخرى تم العثور عليها متصلة بالضغط على ""ملاط thinset"" أو الخرسانة. لا تتوقع إرفاقها أو تجصيصها بالطريقة نفسها التي يتم بها ربط البلاط المسطح. استخدم هذه الأحجار كلكمات وليس كغطاء لمساحات واسعة. لا تأمر لأن مشروعك لا يمكنه تحمل التباين في الحجم والشكل. تختلف القطع الفردية عن الصورة ، والتي يُقصد بها فقط أن تكون تمثيلية."			taxable		1	10	5	0	0		0.5	12	30	0				الاحجار	#stones											0									
801	simple	iridescent-glass-mosaic-tiles-20mm	الزجاج  القزحي بلاط الموزاييك 20 ملم	'-1	0	visible	"1/2 رطل بلاط الموزاييك الزجاجي  3/4 بوصة ، حوالي 75+ قطعة."	"يباع بلاط الفسيفساء بزجاج قزحي الألوان 3/4 بوصة (20 مم) فضفاضًا بمقدار نصف جنيه (حوالي 75 قطعة). ظهورهم هي الزجاج الملون العادي مع التلال والأخاديد منقوشة للمساعدة في لاصق السندات بشكل آمن. العرض 3/4 بوصة وسمك ~ 1/8 بوصة أبعاد قياسية ، لذلك يمكنك مزجها ومطابقتها مع العديد من العلامات التجارية الأخرى من البلاط. يمكن قطع جميع بلاطنا الزجاجي بسهولة من خلال ""Mosaic Glass Cutter"" التي نبيعها."			taxable		1	10	5	0	0					0				الفسيفساء												0									
802	simple	vitreous-3-4-inch-glass-mosaic-tile	زجاجي 3/4 بوصة الزجاج بلاط الموزاييك	'-1	0	visible	1.1 رطل من البلاط الزجاجي 3/4 بوصة (~ 165 قطعة)	"يباع بلاط الفسيفساء الزجاجي الزجاجي مقاس 3/4 بوصات بشكل فضفاض في أكياس تبلغ مساحتها 1/2 كيلوجرام (1.1 رطل) ، أي حوالي 165 بلاطة. مثل جميع منتجات بلاط الموزاييك ، تعتبر هذه البلاط الزجاجي ميسورة التكلفة ولكنها مناسبة للفنون الجميلة. وهي مقاومة للأشعة فوق البنفسجية ومصدقة من قبل المصانع للديكورات الخارجية التجارية ، وحمامات السباحة ، والبلاط باكسبلاش ، والاستحمام ، والجداريات ، بالإضافة إلى مشاريع الفن والحرف مثل أحجار الفسيفساء. تم تزيين الجزء الخلفي من بلاط الفسيفساء الزجاجي هذا بحافات لمساعدة الأسمنت أو الرابطة اللاصقة بشكل أكثر أمانًا. ""شبكات التركيب"" متوفرة."			taxable		1	10	5	0	0					0				الفسيفساء												0									
4005	variation	Glass-Gems-Gray-NU-G01-jumbo	"الجواهر الزجاجية الكبيرة - image4, large"	1	0	visible					taxable	parent	1	10	5	0	0					0			35							Glass-Gems-JUMBO						1		pa_الالوان	image4		1	pa_الحجم	large		1
4006	variation	Glass-Gems-Gray-NU-G01-jumbo	"الجواهر الزجاجية الكبيرة - image4, medium"	1	0	visible					taxable	parent	1	10	5	0	0					0			20							Glass-Gems-JUMBO						2		pa_الالوان	image4		1	pa_الحجم	medium		1
4007	variation	Glass-Gems-Gray-NU-G01-jumbo	"الجواهر الزجاجية الكبيرة - image4, small"	1	0	visible					taxable	parent	1	10	5	0	0					0			12							Glass-Gems-JUMBO						3		pa_الالوان	image4		1	pa_الحجم	small		1
4008	variation	Glass-Gems-Red-NU-G07-jumbo	"الجواهر الزجاجية الكبيرة - image5, large"	1	0	visible					taxable	parent	1	10	5	0	0					0			35							Glass-Gems-JUMBO						4		pa_الالوان	image5		1	pa_الحجم	large		1
4009	variation	Glass-Gems-Red-NU-G07-jumbo	"الجواهر الزجاجية الكبيرة - image5, medium"	1	0	visible					taxable	parent	1	10	5	0	0					0			20							Glass-Gems-JUMBO						5		pa_الالوان	image5		1	pa_الحجم	medium		1
4010	variation	Glass-Gems-Red-NU-G07-jumbo	"الجواهر الزجاجية الكبيرة - image5, small"	1	0	visible					taxable	parent	1	10	5	0	0					0			12							Glass-Gems-JUMBO						6		pa_الالوان	image5		1	pa_الحجم	small		1
4011	variation	Glass-Gems-Blue-NU-G05-jumbo	"الجواهر الزجاجية الكبيرة - image1, large"	1	0	visible					taxable	parent	1	10	5	0	0					0			35							Glass-Gems-JUMBO						7		pa_الالوان	image1		1	pa_الحجم	large		1
4012	variation	Glass-Gems-Blue-NU-G05-jumbo	"الجواهر الزجاجية الكبيرة - image1, medium"	1	0	visible					taxable	parent	1	10	5	0	0					0			20							Glass-Gems-JUMBO						8		pa_الالوان	image1		1	pa_الحجم	medium		1
4013	variation	Glass-Gems-Blue-NU-G05-jumbo	"الجواهر الزجاجية الكبيرة - image1, small"	1	0	visible					taxable	parent	1	10	5	0	0					0			12							Glass-Gems-JUMBO						9		pa_الالوان	image1		1	pa_الحجم	small		1
4014	variation	Glass-Gems-Cyan-NU-G04-jumbo	"الجواهر الزجاجية الكبيرة - image2, large"	1	0	visible					taxable	parent	1	10	5	0	0					0			35							Glass-Gems-JUMBO						10		pa_الالوان	image2		1	pa_الحجم	large		1
4015	variation	Glass-Gems-Cyan-NU-G04-jumbo	"الجواهر الزجاجية الكبيرة - image2, medium"	1	0	visible					taxable	parent	1	10	5	0	0					0			20							Glass-Gems-JUMBO						11		pa_الالوان	image2		1	pa_الحجم	medium		1
4016	variation	Glass-Gems-Cyan-NU-G04-jumbo	"الجواهر الزجاجية الكبيرة - image2, small"	1	0	visible					taxable	parent	1	10	5	0	0					0			12							Glass-Gems-JUMBO						12		pa_الالوان	image2		1	pa_الحجم	small		1
4017	variation	Glass-Gems-Amber-NU-G06-jumbo	"الجواهر الزجاجية الكبيرة - image3, large"	1	0	visible					taxable	parent	1	10	5	0	0					0			35							Glass-Gems-JUMBO						13		pa_الالوان	image3		1	pa_الحجم	large		1
4018	variation	Glass-Gems-Amber-NU-G06-jumbo	"الجواهر الزجاجية الكبيرة - image3, medium"	1	0	visible					taxable	parent	1	10	5	0	0					0			20							Glass-Gems-JUMBO						14		pa_الالوان	image3		1	pa_الحجم	medium		1
4019	variation	Glass-Gems-Amber-NU-G06-jumbo	"الجواهر الزجاجية الكبيرة - image3, small"	1	0	visible					taxable	parent	1	10	5	0	0					0			12							Glass-Gems-JUMBO						15		pa_الالوان	image3		1	pa_الحجم	small		1
4020	variation	Glass-Gems-Blue-NU-G05-medium	"الجواهر الزجاجية متوسطة - image4, large"	1	0	visible					taxable	parent	1	10	5	0	0					0			35				https://our-arts.com/wp-content/uploads/2019/07/Glass-Gems-Blue-NU-G05-med.jpg			glass-gems-medium						1		pa_الالوان	image4		1	pa_الحجم	large		1
4021	variation	Glass-Gems-Blue-NU-G05-medium	"الجواهر الزجاجية متوسطة - image4, medium"	1	0	visible					taxable	parent	1	10	5	0	0					0			20				https://our-arts.com/wp-content/uploads/2019/07/Glass-Gems-Blue-NU-G05-med.jpg			glass-gems-medium						2		pa_الالوان	image4		1	pa_الحجم	medium		1
4022	variation	Glass-Gems-Blue-NU-G05-medium	"الجواهر الزجاجية متوسطة - image4, small"	1	0	visible					taxable	parent	1	10	5	0	0					0			12				https://our-arts.com/wp-content/uploads/2019/07/Glass-Gems-Blue-NU-G05-med.jpg			glass-gems-medium						3		pa_الالوان	image4		1	pa_الحجم	small		1
4023	variation	Glass-Gems-Cyan-NU-G04-medium	"الجواهر الزجاجية متوسطة - image5, large"	1	0	visible					taxable	parent	1	10	5	0	0					0			35				https://our-arts.com/wp-content/uploads/2019/07/Glass-Gems-Cyan-NU-G04-med.jpg			glass-gems-medium						4		pa_الالوان	image5		1	pa_الحجم	large		1
4024	variation	Glass-Gems-Cyan-NU-G04-medium	"الجواهر الزجاجية متوسطة - image5, medium"	1	0	visible					taxable	parent	1	10	5	0	0					0			20				https://our-arts.com/wp-content/uploads/2019/07/Glass-Gems-Cyan-NU-G04-med.jpg			glass-gems-medium						5		pa_الالوان	image5		1	pa_الحجم	medium		1
4025	variation	Glass-Gems-Cyan-NU-G04-medium	"الجواهر الزجاجية متوسطة - image5, small"	1	0	visible					taxable	parent	1	10	5	0	0					0			12				https://our-arts.com/wp-content/uploads/2019/07/Glass-Gems-Cyan-NU-G04-med.jpg			glass-gems-medium						6		pa_الالوان	image5		1	pa_الحجم	small		1
4026	variation	Glass-Gems-Amber-NU-G06-medium	"الجواهر الزجاجية متوسطة - image1, large"	1	0	visible					taxable	parent	1	10	5	0	0					0			35							glass-gems-medium						7		pa_الالوان	image1		1	pa_الحجم	large		1
4027	variation	Glass-Gems-Amber-NU-G06-medium	"الجواهر الزجاجية متوسطة - image1, medium"	1	0	visible					taxable	parent	1	10	5	0	0					0			20							glass-gems-medium						8		pa_الالوان	image1		1	pa_الحجم	medium		1
4028	variation	Glass-Gems-Amber-NU-G06-medium	"الجواهر الزجاجية متوسطة - image1, small"	1	0	visible					taxable	parent	1	10	5	0	0					0			12							glass-gems-medium						9		pa_الالوان	image1		1	pa_الحجم	small		1
4029	variation	Glass-Gems-Red-NU-G07-medium	"الجواهر الزجاجية متوسطة - image2, large"	1	0	visible					taxable	parent	1	10	5	0	0					0			35							glass-gems-medium						10		pa_الالوان	image2		1	pa_الحجم	large		1
4030	variation	Glass-Gems-Red-NU-G07-medium	"الجواهر الزجاجية متوسطة - image2, medium"	1	0	visible					taxable	parent	1	10	5	0	0					0			20							glass-gems-medium						11		pa_الالوان	image2		1	pa_الحجم	medium		1
4031	variation	Glass-Gems-Red-NU-G07-medium	"الجواهر الزجاجية متوسطة - image2, small"	1	0	visible					taxable	parent	1	10	5	0	0					0			12							glass-gems-medium						12		pa_الالوان	image2		1	pa_الحجم	small		1
4032	variation	Glass-Gems-Gray-NU-G01-medium	"الجواهر الزجاجية متوسطة - image3, large"	1	0	visible					taxable	parent	1	10	5	0	0					0			35							glass-gems-medium						13		pa_الالوان	image3		1	pa_الحجم	large		1
4033	variation	Glass-Gems-Gray-NU-G01-medium	"الجواهر الزجاجية متوسطة - image3, medium"	1	0	visible					taxable	parent	1	10	5	0	0					0			20							glass-gems-medium						14		pa_الالوان	image3		1	pa_الحجم	medium		1
4034	variation	Glass-Gems-Gray-NU-G01-medium	"الجواهر الزجاجية متوسطة - image3, small"	1	0	visible					taxable	parent	1	10	5	0	0					0			12							glass-gems-medium						15		pa_الالوان	image3		1	pa_الحجم	small		1
4108	variation		"الموزاييك الزجاجي 20 مم - image4, large"	1	0	visible					taxable	parent	1	10	5	0	0					0										Glass mosaic kaleidoscope tiles 3/4 inches						1		pa_الالوان	image4		1	pa_الحجم	large		1
4109	variation		"الموزاييك الزجاجي 20 مم - image4, medium"	1	0	visible					taxable	parent	1	10	5	0	0					0										Glass mosaic kaleidoscope tiles 3/4 inches						2		pa_الالوان	image4		1	pa_الحجم	medium		1
4110	variation		"الموزاييك الزجاجي 20 مم - image4, small"	1	0	visible					taxable	parent	1	10	5	0	0					0										Glass mosaic kaleidoscope tiles 3/4 inches						3		pa_الالوان	image4		1	pa_الحجم	small		1
4111	variation		"الموزاييك الزجاجي 20 مم - image5, large"	1	0	visible					taxable	parent	1	10	5	0	0					0										Glass mosaic kaleidoscope tiles 3/4 inches						4		pa_الالوان	image5		1	pa_الحجم	large		1
4112	variation		"الموزاييك الزجاجي 20 مم - image5, medium"	1	0	visible					taxable	parent	1	10	5	0	0					0										Glass mosaic kaleidoscope tiles 3/4 inches						5		pa_الالوان	image5		1	pa_الحجم	medium		1
4113	variation		"الموزاييك الزجاجي 20 مم - image5, small"	1	0	visible					taxable	parent	1	10	5	0	0					0										Glass mosaic kaleidoscope tiles 3/4 inches						6		pa_الالوان	image5		1	pa_الحجم	small		1
4114	variation		"الموزاييك الزجاجي 20 مم - image1, large"	1	0	visible					taxable	parent	1	10	5	0	0					0										Glass mosaic kaleidoscope tiles 3/4 inches						7		pa_الالوان	image1		1	pa_الحجم	large		1
4115	variation		"الموزاييك الزجاجي 20 مم - image1, medium"	1	0	visible					taxable	parent	1	10	5	0	0					0										Glass mosaic kaleidoscope tiles 3/4 inches						8		pa_الالوان	image1		1	pa_الحجم	medium		1
4116	variation		"الموزاييك الزجاجي 20 مم - image1, small"	1	0	visible					taxable	parent	1	10	5	0	0					0										Glass mosaic kaleidoscope tiles 3/4 inches						9		pa_الالوان	image1		1	pa_الحجم	small		1
4117	variation		"الموزاييك الزجاجي 20 مم - image2, large"	1	0	visible					taxable	parent	1	10	5	0	0					0										Glass mosaic kaleidoscope tiles 3/4 inches						10		pa_الالوان	image2		1	pa_الحجم	large		1
4118	variation		"الموزاييك الزجاجي 20 مم - image2, medium"	1	0	visible					taxable	parent	1	10	5	0	0					0										Glass mosaic kaleidoscope tiles 3/4 inches						11		pa_الالوان	image2		1	pa_الحجم	medium		1
4119	variation		"الموزاييك الزجاجي 20 مم - image2, small"	1	0	visible					taxable	parent	1	10	5	0	0					0										Glass mosaic kaleidoscope tiles 3/4 inches						12		pa_الالوان	image2		1	pa_الحجم	small		1
4120	variation		"الموزاييك الزجاجي 20 مم - image3, large"	1	0	visible					taxable	parent	1	10	5	0	0					0										Glass mosaic kaleidoscope tiles 3/4 inches						13		pa_الالوان	image3		1	pa_الحجم	large		1
4121	variation		"الموزاييك الزجاجي 20 مم - image3, medium"	1	0	visible					taxable	parent	1	10	5	0	0					0										Glass mosaic kaleidoscope tiles 3/4 inches						14		pa_الالوان	image3		1	pa_الحجم	medium		1
4122	variation		"الموزاييك الزجاجي 20 مم - image3, small"	1	0	visible					taxable	parent	1	10	5	0	0					0										Glass mosaic kaleidoscope tiles 3/4 inches						15		pa_الالوان	image3		1	pa_الحجم	small		1
4123	variation		"الموزاييك الزجاجي 20 مم - image4, large"	1	0	visible					taxable	parent	1	10	5	0	0					0										3/4 Inch Glass Mosaic Tile						1		pa_الالوان	image4		1	pa_الحجم	large		1
4124	variation		"الموزاييك الزجاجي 20 مم - image4, medium"	1	0	visible					taxable	parent	1	10	5	0	0					0										3/4 Inch Glass Mosaic Tile						2		pa_الالوان	image4		1	pa_الحجم	medium		1
4125	variation		"الموزاييك الزجاجي 20 مم - image4, small"	1	0	visible					taxable	parent	1	10	5	0	0					0										3/4 Inch Glass Mosaic Tile						3		pa_الالوان	image4		1	pa_الحجم	small		1
4126	variation		"الموزاييك الزجاجي 20 مم - image5, large"	1	0	visible					taxable	parent	1	10	5	0	0					0										3/4 Inch Glass Mosaic Tile						4		pa_الالوان	image5		1	pa_الحجم	large		1
4127	variation		"الموزاييك الزجاجي 20 مم - image5, medium"	1	0	visible					taxable	parent	1	10	5	0	0					0										3/4 Inch Glass Mosaic Tile						5		pa_الالوان	image5		1	pa_الحجم	medium		1
4128	variation		"الموزاييك الزجاجي 20 مم - image5, small"	1	0	visible					taxable	parent	1	10	5	0	0					0										3/4 Inch Glass Mosaic Tile						6		pa_الالوان	image5		1	pa_الحجم	small		1
4129	variation		"الموزاييك الزجاجي 20 مم - image1, large"	1	0	visible					taxable	parent	1	10	5	0	0					0										3/4 Inch Glass Mosaic Tile						7		pa_الالوان	image1		1	pa_الحجم	large		1
4130	variation		"الموزاييك الزجاجي 20 مم - image1, medium"	1	0	visible					taxable	parent	1	10	5	0	0					0										3/4 Inch Glass Mosaic Tile						8		pa_الالوان	image1		1	pa_الحجم	medium		1
4131	variation		"الموزاييك الزجاجي 20 مم - image1, small"	1	0	visible					taxable	parent	1	10	5	0	0					0										3/4 Inch Glass Mosaic Tile						9		pa_الالوان	image1		1	pa_الحجم	small		1
4132	variation		"الموزاييك الزجاجي 20 مم - image2, large"	1	0	visible					taxable	parent	1	10	5	0	0					0										3/4 Inch Glass Mosaic Tile						10		pa_الالوان	image2		1	pa_الحجم	large		1
4133	variation		"الموزاييك الزجاجي 20 مم - image2, medium"	1	0	visible					taxable	parent	1	10	5	0	0					0										3/4 Inch Glass Mosaic Tile						11		pa_الالوان	image2		1	pa_الحجم	medium		1
4134	variation		"الموزاييك الزجاجي 20 مم - image2, small"	1	0	visible					taxable	parent	1	10	5	0	0					0										3/4 Inch Glass Mosaic Tile						12		pa_الالوان	image2		1	pa_الحجم	small		1
4135	variation		"الموزاييك الزجاجي 20 مم - image3, large"	1	0	visible					taxable	parent	1	10	5	0	0					0										3/4 Inch Glass Mosaic Tile						13		pa_الالوان	image3		1	pa_الحجم	large		1
4136	variation		"الموزاييك الزجاجي 20 مم - image3, medium"	1	0	visible					taxable	parent	1	10	5	0	0					0										3/4 Inch Glass Mosaic Tile						14		pa_الالوان	image3		1	pa_الحجم	medium		1
4137	variation		"الموزاييك الزجاجي 20 مم - image3, small"	1	0	visible					taxable	parent	1	10	5	0	0					0										3/4 Inch Glass Mosaic Tile						15		pa_الالوان	image3		1	pa_الحجم	small		1
4138	variation		"موزاييك معدني زجاجي 20 مم - image4, large"	1	0	visible					taxable	parent	1	10	5	0	0					0										Metalic Glass Tiles 3/4 Inches						1		pa_الالوان	image4		1	pa_الحجم	large		1
4139	variation		"موزاييك معدني زجاجي 20 مم - image4, medium"	1	0	visible					taxable	parent	1	10	5	0	0					0										Metalic Glass Tiles 3/4 Inches						2		pa_الالوان	image4		1	pa_الحجم	medium		1
4140	variation		"موزاييك معدني زجاجي 20 مم - image4, small"	1	0	visible					taxable	parent	1	10	5	0	0					0										Metalic Glass Tiles 3/4 Inches						3		pa_الالوان	image4		1	pa_الحجم	small		1
4141	variation		"موزاييك معدني زجاجي 20 مم - image5, large"	1	0	visible					taxable	parent	1	10	5	0	0					0										Metalic Glass Tiles 3/4 Inches						4		pa_الالوان	image5		1	pa_الحجم	large		1
4142	variation		"موزاييك معدني زجاجي 20 مم - image5, medium"	1	0	visible					taxable	parent	1	10	5	0	0					0										Metalic Glass Tiles 3/4 Inches						5		pa_الالوان	image5		1	pa_الحجم	medium		1
4143	variation		"موزاييك معدني زجاجي 20 مم - image5, small"	1	0	visible					taxable	parent	1	10	5	0	0					0										Metalic Glass Tiles 3/4 Inches						6		pa_الالوان	image5		1	pa_الحجم	small		1
4144	variation		"موزاييك معدني زجاجي 20 مم - image1, large"	1	0	visible					taxable	parent	1	10	5	0	0					0										Metalic Glass Tiles 3/4 Inches						7		pa_الالوان	image1		1	pa_الحجم	large		1
4145	variation		"موزاييك معدني زجاجي 20 مم - image1, medium"	1	0	visible					taxable	parent	1	10	5	0	0					0										Metalic Glass Tiles 3/4 Inches						8		pa_الالوان	image1		1	pa_الحجم	medium		1
4146	variation		"موزاييك معدني زجاجي 20 مم - image1, small"	1	0	visible					taxable	parent	1	10	5	0	0					0										Metalic Glass Tiles 3/4 Inches						9		pa_الالوان	image1		1	pa_الحجم	small		1
4147	variation		"موزاييك معدني زجاجي 20 مم - image2, large"	1	0	visible					taxable	parent	1	10	5	0	0					0										Metalic Glass Tiles 3/4 Inches						10		pa_الالوان	image2		1	pa_الحجم	large		1
4148	variation		"موزاييك معدني زجاجي 20 مم - image2, medium"	1	0	visible					taxable	parent	1	10	5	0	0					0										Metalic Glass Tiles 3/4 Inches						11		pa_الالوان	image2		1	pa_الحجم	medium		1
4149	variation		"موزاييك معدني زجاجي 20 مم - image2, small"	1	0	visible					taxable	parent	1	10	5	0	0					0										Metalic Glass Tiles 3/4 Inches						12		pa_الالوان	image2		1	pa_الحجم	small		1
4150	variation		"موزاييك معدني زجاجي 20 مم - image3, large"	1	0	visible					taxable	parent	1	10	5	0	0					0										Metalic Glass Tiles 3/4 Inches						13		pa_الالوان	image3		1	pa_الحجم	large		1
4151	variation		"موزاييك معدني زجاجي 20 مم - image3, medium"	1	0	visible					taxable	parent	1	10	5	0	0					0										Metalic Glass Tiles 3/4 Inches						14		pa_الالوان	image3		1	pa_الحجم	medium		1
4152	variation		"موزاييك معدني زجاجي 20 مم - image3, small"	1	0	visible					taxable	parent	1	10	5	0	0					0										Metalic Glass Tiles 3/4 Inches						15		pa_الالوان	image3		1	pa_الحجم	small		1
4170	variation		"بلاط الرخام الموزاييك المصقول 15مم - image4, large"	1	0	visible					taxable	parent	1	10	5	0	0					0										Marble-Mosaic-Tiles-Polished-15mm						1		pa_الالوان	image4		1	pa_الحجم	large		1
4171	variation		"بلاط الرخام الموزاييك المصقول 15مم - image4, medium"	1	0	visible					taxable	parent	1	10	5	0	0					0										Marble-Mosaic-Tiles-Polished-15mm						2		pa_الالوان	image4		1	pa_الحجم	medium		1
4172	variation		"بلاط الرخام الموزاييك المصقول 15مم - image4, small"	1	0	visible					taxable	parent	1	10	5	0	0					0										Marble-Mosaic-Tiles-Polished-15mm						3		pa_الالوان	image4		1	pa_الحجم	small		1
4173	variation		"بلاط الرخام الموزاييك المصقول 15مم - image5, large"	1	0	visible					taxable	parent	1	10	5	0	0					0										Marble-Mosaic-Tiles-Polished-15mm						4		pa_الالوان	image5		1	pa_الحجم	large		1
4174	variation		"بلاط الرخام الموزاييك المصقول 15مم - image5, medium"	1	0	visible					taxable	parent	1	10	5	0	0					0										Marble-Mosaic-Tiles-Polished-15mm						5		pa_الالوان	image5		1	pa_الحجم	medium		1
4175	variation		"بلاط الرخام الموزاييك المصقول 15مم - image5, small"	1	0	visible					taxable	parent	1	10	5	0	0					0										Marble-Mosaic-Tiles-Polished-15mm						6		pa_الالوان	image5		1	pa_الحجم	small		1
4176	variation		"بلاط الرخام الموزاييك المصقول 15مم - image1, large"	1	0	visible					taxable	parent	1	10	5	0	0					0										Marble-Mosaic-Tiles-Polished-15mm						7		pa_الالوان	image1		1	pa_الحجم	large		1
4177	variation		"بلاط الرخام الموزاييك المصقول 15مم - image1, medium"	1	0	visible					taxable	parent	1	10	5	0	0					0										Marble-Mosaic-Tiles-Polished-15mm						8		pa_الالوان	image1		1	pa_الحجم	medium		1
4178	variation		"بلاط الرخام الموزاييك المصقول 15مم - image1, small"	1	0	visible					taxable	parent	1	10	5	0	0					0										Marble-Mosaic-Tiles-Polished-15mm						9		pa_الالوان	image1		1	pa_الحجم	small		1
4179	variation		"بلاط الرخام الموزاييك المصقول 15مم - image2, large"	1	0	visible					taxable	parent	1	10	5	0	0					0										Marble-Mosaic-Tiles-Polished-15mm						10		pa_الالوان	image2		1	pa_الحجم	large		1
4180	variation		"بلاط الرخام الموزاييك المصقول 15مم - image2, medium"	1	0	visible					taxable	parent	1	10	5	0	0					0										Marble-Mosaic-Tiles-Polished-15mm						11		pa_الالوان	image2		1	pa_الحجم	medium		1
4181	variation		"بلاط الرخام الموزاييك المصقول 15مم - image2, small"	1	0	visible					taxable	parent	1	10	5	0	0					0										Marble-Mosaic-Tiles-Polished-15mm						12		pa_الالوان	image2		1	pa_الحجم	small		1
4182	variation		"بلاط الرخام الموزاييك المصقول 15مم - image3, large"	1	0	visible					taxable	parent	1	10	5	0	0					0										Marble-Mosaic-Tiles-Polished-15mm						13		pa_الالوان	image3		1	pa_الحجم	large		1
4183	variation		"بلاط الرخام الموزاييك المصقول 15مم - image3, medium"	1	0	visible					taxable	parent	1	10	5	0	0					0										Marble-Mosaic-Tiles-Polished-15mm						14		pa_الالوان	image3		1	pa_الحجم	medium		1
4184	variation		"بلاط الرخام الموزاييك المصقول 15مم - image3, small"	1	0	visible					taxable	parent	1	10	5	0	0					0										Marble-Mosaic-Tiles-Polished-15mm						15		pa_الالوان	image3		1	pa_الحجم	small		1
4185	variation		"بار  الرخام - color6, large"	1	0	visible					taxable	parent	1	10	5	0	0					0										marble-bars						1		pa_الالوان	color6		1	pa_الحجم	large		1
4186	variation		"بار  الرخام - color6, medium"	1	0	visible					taxable	parent	1	10	5	0	0					0										marble-bars						2		pa_الالوان	color6		1	pa_الحجم	medium		1
4187	variation		"بار  الرخام - color6, small"	1	0	visible					taxable	parent	1	10	5	0	0					0										marble-bars						3		pa_الالوان	color6		1	pa_الحجم	small		1
4188	variation		"بار  الرخام - image4, large"	1	0	visible					taxable	parent	1	10	5	0	0					0										marble-bars						4		pa_الالوان	image4		1	pa_الحجم	large		1
4189	variation		"بار  الرخام - image4, medium"	1	0	visible					taxable	parent	1	10	5	0	0					0										marble-bars						5		pa_الالوان	image4		1	pa_الحجم	medium		1
4190	variation		"بار  الرخام - image4, small"	1	0	visible					taxable	parent	1	10	5	0	0					0										marble-bars						6		pa_الالوان	image4		1	pa_الحجم	small		1
4191	variation		"بار  الرخام - image5, large"	1	0	visible					taxable	parent	1	10	5	0	0					0										marble-bars						7		pa_الالوان	image5		1	pa_الحجم	large		1
4192	variation		"بار  الرخام - image5, medium"	1	0	visible					taxable	parent	1	10	5	0	0					0										marble-bars						8		pa_الالوان	image5		1	pa_الحجم	medium		1
4193	variation		"بار  الرخام - image5, small"	1	0	visible					taxable	parent	1	10	5	0	0					0										marble-bars						9		pa_الالوان	image5		1	pa_الحجم	small		1
4194	variation		"بار  الرخام - image1, large"	1	0	visible					taxable	parent	1	10	5	0	0					0										marble-bars						10		pa_الالوان	image1		1	pa_الحجم	large		1
4195	variation		"بار  الرخام - image1, medium"	1	0	visible					taxable	parent	1	10	5	0	0					0										marble-bars						11		pa_الالوان	image1		1	pa_الحجم	medium		1
4196	variation		"بار  الرخام - image1, small"	1	0	visible					taxable	parent	1	10	5	0	0					0										marble-bars						12		pa_الالوان	image1		1	pa_الحجم	small		1
4197	variation		"بار  الرخام - image2, large"	1	0	visible					taxable	parent	1	10	5	0	0					0										marble-bars						13		pa_الالوان	image2		1	pa_الحجم	large		1
4198	variation		"بار  الرخام - image2, medium"	1	0	visible					taxable	parent	1	10	5	0	0					0										marble-bars						14		pa_الالوان	image2		1	pa_الحجم	medium		1
4199	variation		"بار  الرخام - image2, small"	1	0	visible					taxable	parent	1	10	5	0	0					0										marble-bars						15		pa_الالوان	image2		1	pa_الحجم	small		1
4200	variation		"بار  الرخام - image3, large"	1	0	visible					taxable	parent	1	10	5	0	0					0										marble-bars						16		pa_الالوان	image3		1	pa_الحجم	large		1
4201	variation		"بار  الرخام - image3, medium"	1	0	visible					taxable	parent	1	10	5	0	0					0										marble-bars						17		pa_الالوان	image3		1	pa_الحجم	medium		1
4202	variation		"بار  الرخام - image3, small"	1	0	visible					taxable	parent	1	10	5	0	0					0										marble-bars						18		pa_الالوان	image3		1	pa_الحجم	small		1
4217	variation		"زجاج ملون  6 بوصة - image4, 1-meter"	1	0	visible					taxable	parent	1	10	5	0	0					0										Stained-Glass-6-Inch-Sheet						1		pa_الالوان	image4		1	pa_الحجم	1-meter		1
4218	variation		"زجاج ملون  6 بوصة - image4, 25cm-x-25cm"	1	0	visible					taxable	parent	1	10	5	0	0					0										Stained-Glass-6-Inch-Sheet						2		pa_الالوان	image4		1	pa_الحجم	25cm-x-25cm		1
4219	variation		"زجاج ملون  6 بوصة - image4, 50cm-x-50cm"	1	0	visible					taxable	parent	1	10	5	0	0					0										Stained-Glass-6-Inch-Sheet						3		pa_الالوان	image4		1	pa_الحجم	50cm-x-50cm		1
4220	variation		"زجاج ملون  6 بوصة - image5, 1-meter"	1	0	visible					taxable	parent	1	10	5	0	0					0										Stained-Glass-6-Inch-Sheet						4		pa_الالوان	image5		1	pa_الحجم	1-meter		1
4221	variation		"زجاج ملون  6 بوصة - image5, 25cm-x-25cm"	1	0	visible					taxable	parent	1	10	5	0	0					0										Stained-Glass-6-Inch-Sheet						5		pa_الالوان	image5		1	pa_الحجم	25cm-x-25cm		1
4222	variation		"زجاج ملون  6 بوصة - image5, 50cm-x-50cm"	1	0	visible					taxable	parent	1	10	5	0	0					0										Stained-Glass-6-Inch-Sheet						6		pa_الالوان	image5		1	pa_الحجم	50cm-x-50cm		1
4223	variation		"زجاج ملون  6 بوصة - image1, 1-meter"	1	0	visible					taxable	parent	1	10	5	0	0					0										Stained-Glass-6-Inch-Sheet						7		pa_الالوان	image1		1	pa_الحجم	1-meter		1
4224	variation		"زجاج ملون  6 بوصة - image1, 25cm-x-25cm"	1	0	visible					taxable	parent	1	10	5	0	0					0										Stained-Glass-6-Inch-Sheet						8		pa_الالوان	image1		1	pa_الحجم	25cm-x-25cm		1
4225	variation		"زجاج ملون  6 بوصة - image1, 50cm-x-50cm"	1	0	visible					taxable	parent	1	10	5	0	0					0										Stained-Glass-6-Inch-Sheet						9		pa_الالوان	image1		1	pa_الحجم	50cm-x-50cm		1
4226	variation		"زجاج ملون  6 بوصة - image2, 1-meter"	1	0	visible					taxable	parent	1	10	5	0	0					0										Stained-Glass-6-Inch-Sheet						10		pa_الالوان	image2		1	pa_الحجم	1-meter		1
4227	variation		"زجاج ملون  6 بوصة - image2, 25cm-x-25cm"	1	0	visible					taxable	parent	1	10	5	0	0					0										Stained-Glass-6-Inch-Sheet						11		pa_الالوان	image2		1	pa_الحجم	25cm-x-25cm		1
4228	variation		"زجاج ملون  6 بوصة - image2, 50cm-x-50cm"	1	0	visible					taxable	parent	1	10	5	0	0					0										Stained-Glass-6-Inch-Sheet						12		pa_الالوان	image2		1	pa_الحجم	50cm-x-50cm		1
4229	variation		"زجاج ملون  6 بوصة - image3, 1-meter"	1	0	visible					taxable	parent	1	10	5	0	0					0										Stained-Glass-6-Inch-Sheet						13		pa_الالوان	image3		1	pa_الحجم	1-meter		1
4230	variation		"زجاج ملون  6 بوصة - image3, 25cm-x-25cm"	1	0	visible					taxable	parent	1	10	5	0	0					0										Stained-Glass-6-Inch-Sheet						14		pa_الالوان	image3		1	pa_الحجم	25cm-x-25cm		1
4231	variation		"زجاج ملون  6 بوصة - image3, 50cm-x-50cm"	1	0	visible					taxable	parent	1	10	5	0	0					0										Stained-Glass-6-Inch-Sheet						15		pa_الالوان	image3		1	pa_الحجم	50cm-x-50cm		1
4232	variation		"فلتو - color6, large"	1	0	visible					taxable	parent	1	10	5	0	0					0										filato						1		pa_الالوان	color6		1	pa_الحجم	large		1
4233	variation		"فلتو - color6, medium"	1	0	visible					taxable	parent	1	10	5	0	0					0										filato						2		pa_الالوان	color6		1	pa_الحجم	medium		1
4234	variation		"فلتو - color6, small"	1	0	visible					taxable	parent	1	10	5	0	0					0										filato						3		pa_الالوان	color6		1	pa_الحجم	small		1
4235	variation		"فلتو - image4, large"	1	0	visible					taxable	parent	1	10	5	0	0					0										filato						4		pa_الالوان	image4		1	pa_الحجم	large		1
4236	variation		"فلتو - image4, medium"	1	0	visible					taxable	parent	1	10	5	0	0					0										filato						5		pa_الالوان	image4		1	pa_الحجم	medium		1
4237	variation		"فلتو - image4, small"	1	0	visible					taxable	parent	1	10	5	0	0					0										filato						6		pa_الالوان	image4		1	pa_الحجم	small		1
4238	variation		"فلتو - image5, large"	1	0	visible					taxable	parent	1	10	5	0	0					0										filato						7		pa_الالوان	image5		1	pa_الحجم	large		1
4239	variation		"فلتو - image5, medium"	1	0	visible					taxable	parent	1	10	5	0	0					0										filato						8		pa_الالوان	image5		1	pa_الحجم	medium		1
4240	variation		"فلتو - image5, small"	1	0	visible					taxable	parent	1	10	5	0	0					0										filato						9		pa_الالوان	image5		1	pa_الحجم	small		1
4241	variation		"فلتو - image1, large"	1	0	visible					taxable	parent	1	10	5	0	0					0										filato						10		pa_الالوان	image1		1	pa_الحجم	large		1
4242	variation		"فلتو - image1, medium"	1	0	visible					taxable	parent	1	10	5	0	0					0										filato						11		pa_الالوان	image1		1	pa_الحجم	medium		1
4243	variation		"فلتو - image1, small"	1	0	visible					taxable	parent	1	10	5	0	0					0										filato						12		pa_الالوان	image1		1	pa_الحجم	small		1
4244	variation		"فلتو - image2, large"	1	0	visible					taxable	parent	1	10	5	0	0					0										filato						13		pa_الالوان	image2		1	pa_الحجم	large		1
4245	variation		"فلتو - image2, medium"	1	0	visible					taxable	parent	1	10	5	0	0					0										filato						14		pa_الالوان	image2		1	pa_الحجم	medium		1
4246	variation		"فلتو - image2, small"	1	0	visible					taxable	parent	1	10	5	0	0					0										filato						15		pa_الالوان	image2		1	pa_الحجم	small		1
4247	variation		"فلتو - image3, large"	1	0	visible					taxable	parent	1	10	5	0	0					0										filato						16		pa_الالوان	image3		1	pa_الحجم	large		1
4248	variation		"فلتو - image3, medium"	1	0	visible					taxable	parent	1	10	5	0	0					0										filato						17		pa_الالوان	image3		1	pa_الحجم	medium		1
4249	variation		"فلتو - image3, small"	1	0	visible					taxable	parent	1	10	5	0	0					0										filato						18		pa_الالوان	image3		1	pa_الحجم	small		1
4250	variation		"الموزاييك  السيراميك المزجج - color6, large"	1	0	visible					taxable	parent	1	10	5	0	0					0										glazed-ceramic-elsalab						1		pa_الالوان	color6		1	pa_الحجم	large		1
4251	variation		"الموزاييك  السيراميك المزجج - color6, medium"	1	0	visible					taxable	parent	1	10	5	0	0					0										glazed-ceramic-elsalab						2		pa_الالوان	color6		1	pa_الحجم	medium		1
4252	variation		"الموزاييك  السيراميك المزجج - color6, small"	1	0	visible					taxable	parent	1	10	5	0	0					0										glazed-ceramic-elsalab						3		pa_الالوان	color6		1	pa_الحجم	small		1
4253	variation		"الموزاييك  السيراميك المزجج - image4, large"	1	0	visible					taxable	parent	1	10	5	0	0					0										glazed-ceramic-elsalab						4		pa_الالوان	image4		1	pa_الحجم	large		1
4254	variation		"الموزاييك  السيراميك المزجج - image4, medium"	1	0	visible					taxable	parent	1	10	5	0	0					0										glazed-ceramic-elsalab						5		pa_الالوان	image4		1	pa_الحجم	medium		1
4255	variation		"الموزاييك  السيراميك المزجج - image4, small"	1	0	visible					taxable	parent	1	10	5	0	0					0										glazed-ceramic-elsalab						6		pa_الالوان	image4		1	pa_الحجم	small		1
4256	variation		"الموزاييك  السيراميك المزجج - image5, large"	1	0	visible					taxable	parent	1	10	5	0	0					0										glazed-ceramic-elsalab						7		pa_الالوان	image5		1	pa_الحجم	large		1
4257	variation		"الموزاييك  السيراميك المزجج - image5, medium"	1	0	visible					taxable	parent	1	10	5	0	0					0										glazed-ceramic-elsalab						8		pa_الالوان	image5		1	pa_الحجم	medium		1
4258	variation		"الموزاييك  السيراميك المزجج - image5, small"	1	0	visible					taxable	parent	1	10	5	0	0					0										glazed-ceramic-elsalab						9		pa_الالوان	image5		1	pa_الحجم	small		1
4259	variation		"الموزاييك  السيراميك المزجج - image1, large"	1	0	visible					taxable	parent	1	10	5	0	0					0										glazed-ceramic-elsalab						10		pa_الالوان	image1		1	pa_الحجم	large		1
4260	variation		"الموزاييك  السيراميك المزجج - image1, medium"	1	0	visible					taxable	parent	1	10	5	0	0					0										glazed-ceramic-elsalab						11		pa_الالوان	image1		1	pa_الحجم	medium		1
4261	variation		"الموزاييك  السيراميك المزجج - image1, small"	1	0	visible					taxable	parent	1	10	5	0	0					0										glazed-ceramic-elsalab						12		pa_الالوان	image1		1	pa_الحجم	small		1
4262	variation		"الموزاييك  السيراميك المزجج - image2, large"	1	0	visible					taxable	parent	1	10	5	0	0					0										glazed-ceramic-elsalab						13		pa_الالوان	image2		1	pa_الحجم	large		1
4263	variation		"الموزاييك  السيراميك المزجج - image2, medium"	1	0	visible					taxable	parent	1	10	5	0	0					0										glazed-ceramic-elsalab						14		pa_الالوان	image2		1	pa_الحجم	medium		1
4264	variation		"الموزاييك  السيراميك المزجج - image2, small"	1	0	visible					taxable	parent	1	10	5	0	0					0										glazed-ceramic-elsalab						15		pa_الالوان	image2		1	pa_الحجم	small		1
4265	variation		"الموزاييك  السيراميك المزجج - image3, large"	1	0	visible					taxable	parent	1	10	5	0	0					0										glazed-ceramic-elsalab						16		pa_الالوان	image3		1	pa_الحجم	large		1
4266	variation		"الموزاييك  السيراميك المزجج - image3, medium"	1	0	visible					taxable	parent	1	10	5	0	0					0										glazed-ceramic-elsalab						17		pa_الالوان	image3		1	pa_الحجم	medium		1
4267	variation		"الموزاييك  السيراميك المزجج - image3, small"	1	0	visible					taxable	parent	1	10	5	0	0					0										glazed-ceramic-elsalab						18		pa_الالوان	image3		1	pa_الحجم	small		1
4360	variation		"الموزاييك السيراميك المزجج - color6, large"	1	0	visible					taxable	parent	1	10	5	0	0					0										glazed-ceramic-mahgoub						1		pa_الالوان	color6		1	pa_الحجم	large		1
4361	variation		"الموزاييك السيراميك المزجج - color6, medium"	1	0	visible					taxable	parent	1	10	5	0	0					0										glazed-ceramic-mahgoub						2		pa_الالوان	color6		1	pa_الحجم	medium		1
4362	variation		"الموزاييك السيراميك المزجج - color6, small"	1	0	visible					taxable	parent	1	10	5	0	0					0										glazed-ceramic-mahgoub						3		pa_الالوان	color6		1	pa_الحجم	small		1
4363	variation		"الموزاييك السيراميك المزجج - image4, large"	1	0	visible					taxable	parent	1	10	5	0	0					0										glazed-ceramic-mahgoub						4		pa_الالوان	image4		1	pa_الحجم	large		1
4364	variation		"الموزاييك السيراميك المزجج - image4, medium"	1	0	visible					taxable	parent	1	10	5	0	0					0										glazed-ceramic-mahgoub						5		pa_الالوان	image4		1	pa_الحجم	medium		1
4365	variation		"الموزاييك السيراميك المزجج - image4, small"	1	0	visible					taxable	parent	1	10	5	0	0					0										glazed-ceramic-mahgoub						6		pa_الالوان	image4		1	pa_الحجم	small		1
4366	variation		"الموزاييك السيراميك المزجج - image5, large"	1	0	visible					taxable	parent	1	10	5	0	0					0										glazed-ceramic-mahgoub						7		pa_الالوان	image5		1	pa_الحجم	large		1
4367	variation		"الموزاييك السيراميك المزجج - image5, medium"	1	0	visible					taxable	parent	1	10	5	0	0					0										glazed-ceramic-mahgoub						8		pa_الالوان	image5		1	pa_الحجم	medium		1
4368	variation		"الموزاييك السيراميك المزجج - image5, small"	1	0	visible					taxable	parent	1	10	5	0	0					0										glazed-ceramic-mahgoub						9		pa_الالوان	image5		1	pa_الحجم	small		1
4369	variation		"الموزاييك السيراميك المزجج - image1, large"	1	0	visible					taxable	parent	1	10	5	0	0					0										glazed-ceramic-mahgoub						10		pa_الالوان	image1		1	pa_الحجم	large		1
4370	variation		"الموزاييك السيراميك المزجج - image1, medium"	1	0	visible					taxable	parent	1	10	5	0	0					0										glazed-ceramic-mahgoub						11		pa_الالوان	image1		1	pa_الحجم	medium		1
4371	variation		"الموزاييك السيراميك المزجج - image1, small"	1	0	visible					taxable	parent	1	10	5	0	0					0										glazed-ceramic-mahgoub						12		pa_الالوان	image1		1	pa_الحجم	small		1
4372	variation		"الموزاييك السيراميك المزجج - image2, large"	1	0	visible					taxable	parent	1	10	5	0	0					0										glazed-ceramic-mahgoub						13		pa_الالوان	image2		1	pa_الحجم	large		1
4373	variation		"الموزاييك السيراميك المزجج - image2, medium"	1	0	visible					taxable	parent	1	10	5	0	0					0										glazed-ceramic-mahgoub						14		pa_الالوان	image2		1	pa_الحجم	medium		1
4374	variation		"الموزاييك السيراميك المزجج - image2, small"	1	0	visible					taxable	parent	1	10	5	0	0					0										glazed-ceramic-mahgoub						15		pa_الالوان	image2		1	pa_الحجم	small		1
4375	variation		"الموزاييك السيراميك المزجج - image3, large"	1	0	visible					taxable	parent	1	10	5	0	0					0										glazed-ceramic-mahgoub						16		pa_الالوان	image3		1	pa_الحجم	large		1
4376	variation		"الموزاييك السيراميك المزجج - image3, medium"	1	0	visible					taxable	parent	1	10	5	0	0					0										glazed-ceramic-mahgoub						17		pa_الالوان	image3		1	pa_الحجم	medium		1
4377	variation		"الموزاييك السيراميك المزجج - image3, small"	1	0	visible					taxable	parent	1	10	5	0	0					0										glazed-ceramic-mahgoub						18		pa_الالوان	image3		1	pa_الحجم	small		1
